ID,date,temperature_max,temperature_min,sunshine_hours,rainfall,wind_speed,visitors
day_2021-01-01,2021-01-01,31.4901424590337,27.31913746995577,8.513977233290703,0.8762921736478159,9.871723306814015,509
day_2021-01-02,2021-01-02,29.585207096486446,25.145388136683415,5.155669351644749,8.517837110792861,10.65752482060696,375
day_2021-01-03,2021-01-03,31.94306561430208,26.195772009178818,8.73921184021132,8.92295148506112,10.642714430900547,467
day_2021-01-04,2021-01-04,34.569089569224076,28.95871930379061,9.711275717609901,3.540976526547985,10.84384150847057,565
day_2021-01-05,2021-01-05,29.29753987582999,24.318441469794138,7.826869806447402,0.032031743087075834,13.227422538117294,509
day_2021-01-06,2021-01-06,29.29758912915246,24.18026174584368,10.753591625116131,1.6916367135592756,10.907068603027959,501
day_2021-01-07,2021-01-07,34.737638446522176,28.45997355073375,5.452421601792854,4.797647471818692,9.511686729418702,466
day_2021-01-08,2021-01-08,32.302304187458724,27.893875576294555,4.510690593377166,19.86581733987204,11.928174336576715,316
day_2021-01-09,2021-01-09,28.591576842195146,23.04447946102511,3.442559502191443,4.995828745445317,12.37894097784928,365
day_2021-01-10,2021-01-10,31.627680130757895,26.82987278319179,9.992088622978367,1.5041984850505852,7.544784369726015,587
day_2021-01-11,2021-01-11,28.609746921562614,23.827428124789833,8.308731312708115,5.025687639707752,11.194800139699716,462
day_2021-01-12,2021-01-12,28.60281073928923,22.50403388730204,6.8888306581790895,3.8824850338883565,11.402345484621797,457
day_2021-01-13,2021-01-13,30.725886814698104,24.90047046571007,7.5599372526396404,7.5671261506473275,9.404872993280016,461
day_2021-01-14,2021-01-14,24.260159266026605,18.446649630025966,4.7490219054032465,0.5657350864791453,12.75141362662324,419
day_2021-01-15,2021-01-15,24.8252465024609,18.51976769530657,11.891503959233653,7.157042403682414,9.699888825934947,455
day_2021-01-16,2021-01-16,28.313137412277083,23.292133570644324,7.258442363950455,3.8964300953494475,10.251152906943085,401
day_2021-01-17,2021-01-17,26.961506638996728,21.279553667701762,7.218789589209786,16.48310638883833,9.65385635143226,338
day_2021-01-18,2021-01-18,30.94274199778582,26.253008754379277,8.451533247797384,2.091780449945556,10.031158095162935,479
day_2021-01-19,2021-01-19,27.27592777343637,21.951761420947925,7.962018463473426,5.006818486725115,7.807449826209597,420
day_2021-01-20,2021-01-20,25.763088895994127,20.893231950361812,7.447768048558263,13.443304877842756,7.119898234811411,365
day_2021-01-21,2021-01-21,34.39694630676466,29.299950341771943,5.419051089109376,0.5407649883263731,13.189010126449944,531
day_2021-01-22,2021-01-22,29.322671098540393,23.727514073103478,7.942936714271991,13.841269634193843,8.306077303363345,385
day_2021-01-23,2021-01-23,30.20258461406377,26.020805297297244,10.764048992950068,5.821929417789845,8.017215301087386,510
day_2021-01-24,2021-01-24,25.72575544135963,18.63336816567417,9.690840092309955,0.3512382514555415,5.69321977279257,539
day_2021-01-25,2021-01-25,28.36685182642445,24.372869207924154,10.186373253278795,1.790262082141199,8.722076504620995,511
day_2021-01-26,2021-01-26,30.3327677691296,26.546956381917333,5.9775686471376295,6.157954975606562,7.353820413185003,507
day_2021-01-27,2021-01-27,26.54701926773309,20.388908394233024,5.020790359482838,0.34862963697380656,13.284030320272738,428
day_2021-01-28,2021-01-28,31.127094055037016,25.33543136107408,6.748426159800704,4.363408645474819,12.01963417868527,400
day_2021-01-29,2021-01-29,28.198083930243584,22.57396411319143,7.111449824577389,2.122345657556806,8.623699309644552,477
day_2021-01-30,2021-01-30,29.124918750620168,23.49657324135589,9.188383036941897,4.849980952374174,14.504871610688618,472
day_2021-01-31,2021-01-31,28.194880163311808,23.207126936158723,3.6150707405703613,0.23410619638977423,11.963530973983188,449
day_2021-02-01,2021-02-01,35.55683455352681,31.454088925012645,10.059100638921228,10.260564224384563,9.350337232982755,525
day_2021-02-02,2021-02-02,29.9595083257862,24.883703767592472,6.683984202842021,18.150971875721705,5.001188570252854,340
day_2021-02-03,2021-02-03,26.8268672131323,22.50402892464441,6.14623786010516,17.349178322458755,14.581885145181484,255
day_2021-02-04,2021-02-04,32.46763473630957,26.49251500289182,4.975791249479665,6.9245132848061495,7.220855066472808,423
day_2021-02-05,2021-02-05,26.337469050086934,21.484526431589074,3.6902866562684613,0.6968059941690288,6.709202506086216,374
day_2021-02-06,2021-02-06,30.626590785014265,26.452087981806777,8.64634116792383,7.0995286558018,12.045140864019281,437
day_2021-02-07,2021-02-07,24.120989628360675,19.44237547001367,7.146635934376808,0.12447111141255657,14.879504812678546,435
day_2021-02-08,2021-02-08,26.015441853304708,20.602510399029082,4.420078200517892,0.11185973867236931,12.768545637021036,450
day_2021-02-09,2021-02-09,30.590583707607372,26.154308260411348,4.409842455872768,1.9549288510861509,11.12781824010472,445
day_2021-02-10,2021-02-10,32.21539973998623,28.037620135552665,6.328430601419743,3.353438374608401,11.189508683330573,431
day_2021-02-11,2021-02-11,30.51410484356991,25.270417632077997,10.338043050578786,7.357244612919284,11.706831117560615,491
day_2021-02-12,2021-02-12,29.65305515283528,24.408088581726556,6.48081729727279,5.748928634454095,11.51785717957353,460
day_2021-02-13,2021-02-13,29.096688913232132,24.603632088603263,3.9937140937637876,2.9520749369785424,10.562382847938752,387
day_2021-02-14,2021-02-14,25.56443402889772,21.03547233451604,6.508513871828112,1.598455812792035,10.208402207903752,416
day_2021-02-15,2021-02-15,27.840467374815873,22.608417437458236,6.454552860504659,20.0,9.874813744200955,295
day_2021-02-16,2021-02-16,28.618083687120638,25.066168028617962,1.6062267141168567,2.777208950550171,8.492070822266648,347
day_2021-02-17,2021-02-17,33.171366678656746,29.5788304530333,6.8914102669643755,3.0018102421227146,9.438649846266452,511
day_2021-02-18,2021-02-18,31.030854868705383,26.74929908995782,6.538130939582644,0.8933839622727785,6.614086371609229,484
day_2021-02-19,2021-02-19,24.7108795339118,19.924326685623647,8.392412729626837,7.919083503186542,9.8033207464105,402
day_2021-02-20,2021-02-20,30.972251908184386,25.661344342586382,10.69791218989069,5.9156611901828695,8.022817785698166,480
day_2021-02-21,2021-02-21,28.84475315875105,22.369396941801497,9.253130059095515,1.24724264726588,7.792821365568458,488
day_2021-02-22,2021-02-22,27.969233999082125,22.111574375880103,6.462222618890339,0.42986528451189354,10.359788302306956,474
day_2021-02-23,2021-02-23,31.835028866522602,26.99496739648603,4.786948182516659,5.704979103686202,12.784004572689199,407
day_2021-02-24,2021-02-24,33.092998567487854,28.11201477539054,12.0,5.313975472115715,11.836633212004626,596
day_2021-02-25,2021-02-25,32.79384035734859,28.7963697219864,7.118436868028977,1.5959292433686985,6.8589987927536455,496
day_2021-02-26,2021-02-26,27.482347430332084,22.500860566324473,7.027858583825893,15.065772031925546,8.020743726859324,350
day_2021-02-27,2021-02-27,29.072362872446355,24.361021511366495,6.951749825779993,0.8188214159732543,11.881542375976432,492
day_2021-02-28,2021-02-28,30.99379029421069,25.6710717338726,7.39616952153571,2.831117362517058,8.035025212923381,439
day_2021-03-01,2021-03-01,32.92663538136708,28.7538663249194,6.711279176152115,14.377842163998274,9.550733700005951,342
day_2021-03-02,2021-03-02,28.56247728646413,23.04313077222296,5.852675986239527,2.7212857134677506,11.100104198049104,383
day_2021-03-03,2021-03-03,29.44302307000855,22.91028415700597,5.906282117519216,5.087825088650514,8.06331109027273,464
day_2021-03-04,2021-03-04,26.680995077981915,21.78975522643877,6.934493459568003,2.534121515045698,10.21075101229192,413
day_2021-03-05,2021-03-05,26.411380127757987,21.009668405659045,5.9131504577324705,1.6025086503344064,7.331949010163591,502
day_2021-03-06,2021-03-06,32.43757746718259,26.74743347547148,5.574308434645671,20.0,8.797264712097572,313
day_2021-03-07,2021-03-07,34.06872008571247,29.469940557598306,7.212860455383794,2.632522879227116,10.639563868285073,512
day_2021-03-08,2021-03-08,29.783969635258998,24.559877153448582,6.490045565158289,11.22626253424066,6.814012532936662,438
day_2021-03-09,2021-03-09,33.01059869367607,27.998006292894278,10.007985977165378,1.3065290624194523,10.880949475920797,608
day_2021-03-10,2021-03-10,31.084908075142902,25.98723197659407,1.698060383213976,1.1983004068942895,9.960724402146637,468
day_2021-03-11,2021-03-11,28.06464073618463,23.837650520040096,9.183013703844924,0.158145245477775,11.104979908834295,531
day_2021-03-12,2021-03-12,31.084186816525243,26.0596766422663,9.492170384995259,5.272979294379948,10.447828268129323,520
day_2021-03-13,2021-03-13,34.61410969939791,29.116111408152456,2.853219535183701,2.298495270861007,12.728280859947688,462
day_2021-03-14,2021-03-14,29.892521882670145,23.441378274875103,6.314624811839303,9.988690294133969,10.250449005295815,416
day_2021-03-15,2021-03-15,34.69393096744202,28.734660141356816,6.257118268008417,3.2047655735140683,9.141188917749494,480
day_2021-03-16,2021-03-16,22.140764687730766,14.987582230219209,4.184976610564357,17.240411706004004,10.244595006064568,201
day_2021-03-17,2021-03-17,32.46570751312567,28.23305507601372,5.444366624818249,1.026060891304192,11.086596058072775,475
day_2021-03-18,2021-03-18,30.261141204714512,24.388820567993832,4.7788483090683425,10.148427523649552,10.09772014065141,367
day_2021-03-19,2021-03-19,29.102977948602398,23.919635942864048,10.504540886847245,7.493886523371488,10.081183382407765,454
day_2021-03-20,2021-03-20,30.275282329606508,23.085479396388834,8.871356786294923,7.368460219450181,8.59601662438649,480
day_2021-03-21,2021-03-21,24.037293256197323,19.845591541552473,9.543110189988317,9.314663054072945,8.674198164898105,420
day_2021-03-22,2021-03-22,29.340984336487463,25.18070617866824,8.443344128086471,7.156960563018635,7.194789456400613,451
day_2021-03-23,2021-03-23,31.07133771453524,26.67073035997926,4.741896457565542,4.920443752117819,13.499153486373878,459
day_2021-03-24,2021-03-24,34.43368213422455,31.557577858534355,5.950959467440453,0.7034699296379123,7.512273529217429,478
day_2021-03-25,2021-03-25,28.44518934517906,23.970944366859822,7.978749122455836,0.16533456674992855,8.614189604408185,479
day_2021-03-26,2021-03-26,27.574519191320437,23.333651852874134,4.555744382216109,12.681916509071321,8.563185468861604,303
day_2021-03-27,2021-03-27,28.49472886924639,23.344335082770183,8.425996860344776,4.794038447153901,11.789848753888883,393
day_2021-03-28,2021-03-28,32.746206353106224,27.404450377329063,6.5193492036837295,7.961362694658197,9.410100643415944,440
day_2021-03-29,2021-03-29,30.986253328979053,24.110082489763165,6.250358384900805,3.284291801348973,12.495484145347469,448
day_2021-03-30,2021-03-30,28.410719388698883,22.460295550512832,8.421919936406983,0.6238958208700401,8.653018751512263,533
day_2021-03-31,2021-03-31,31.539802299340067,27.11670595500247,7.88852662297208,0.6687187455816921,10.557988324447605,526
day_2021-04-01,2021-04-01,30.291232648044122,26.18964731939248,6.278067668361841,5.784894074723557,8.329305893480486,403
day_2021-04-02,2021-04-02,32.90593497159867,27.414015800092162,9.318659606728495,2.8132785996209515,14.290298255546777,573
day_2021-04-03,2021-04-03,27.893840718367944,24.214073925388586,4.837873344800205,1.1189983744581806,7.624803161940974,463
day_2021-04-04,2021-04-04,29.017013560206696,22.185554794352342,8.231871213888528,3.382380067046655,10.619641420454055,482
day_2021-04-05,2021-04-05,28.823675540603528,22.644235419882243,8.186202515936767,0.33181525396729833,11.267553761864196,479
day_2021-04-06,2021-04-06,25.609455155603644,21.07863080770835,6.38090712137202,4.361027161624753,10.827598194902997,366
day_2021-04-07,2021-04-07,30.88836083119373,27.601495360284606,7.652266044484236,1.5666639830622868,9.629424682244583,480
day_2021-04-08,2021-04-08,30.783165816539668,24.429293442374256,4.497772847229394,7.986536450159809,9.740358600533147,424
day_2021-04-09,2021-04-09,30.015340369927383,25.129880215180002,8.848054038413801,1.8579419859009692,10.08762294395822,554
day_2021-04-10,2021-04-10,29.29623859987456,23.0584222879011,6.630195727114022,3.0368675459765626,9.705995996743022,495
day_2021-04-11,2021-04-11,25.753887773848756,22.348315432643123,5.954553958961921,0.05844293025465451,11.92775823358982,407
day_2021-04-12,2021-04-12,28.738064031703924,24.337439054657697,9.098018451673779,0.3760261115334893,14.421046003182703,458
day_2021-04-13,2021-04-13,28.971856450419693,23.96661275070151,5.591312618914482,2.4919624854285862,8.885016429984333,440
day_2021-04-14,2021-04-14,27.593168192335142,22.5461875985704,4.183077407272881,3.2690442439000633,7.260394040841844,344
day_2021-04-15,2021-04-15,29.516142865001974,24.966208336481216,3.8867416529521925,4.581710517459567,9.82343590329749,406
day_2021-04-16,2021-04-16,31.212152570443614,25.589302638096115,8.21201990269128,1.7241735753722909,15.159418675308636,486
day_2021-04-17,2021-04-17,35.65855770363159,31.72617813301418,4.439141295007434,5.9369205719459295,8.392650864060538,444
day_2021-04-18,2021-04-18,30.523733438495515,25.66611292351681,10.50958836396873,9.834937522015512,13.278233610888135,409
day_2021-04-19,2021-04-19,30.772651172168292,25.65235554045639,2.836141184232556,7.567253193487854,13.355401628152881,378
day_2021-04-20,2021-04-20,29.7766622527015,24.262223418642748,10.392912736580076,0.20212508198851578,8.892823516584011,518
day_2021-04-21,2021-04-21,24.243686354102877,18.53207147601399,7.422034934405237,3.2745092075105413,11.137966158370551,370
day_2021-04-22,2021-04-22,29.920458373652348,26.04510046549022,6.806573776259215,0.5542677540477307,13.256793246257075,384
day_2021-04-23,2021-04-23,30.18069062982308,26.714804800558703,5.910161826382101,1.385656413923591,9.241744518025026,460
day_2021-04-24,2021-04-24,37.389726337455855,31.112049515557345,7.798272228704142,20.0,9.592839279795276,464
day_2021-04-25,2021-04-25,29.422917105656634,24.090603093677043,6.9247305951503035,0.7686445108652931,8.836638172102713,524
day_2021-04-26,2021-04-26,30.904642027000836,26.653128563557388,9.206603764033042,3.4546297810450373,7.970486538614266,489
day_2021-04-27,2021-04-27,29.89586469088427,23.344712715361748,7.228455297324079,4.813712174806433,8.701444909867986,433
day_2021-04-28,2021-04-28,26.493965887141403,21.378291252848545,7.300603522923756,6.0611165742886906,7.552119466475487,424
day_2021-04-29,2021-04-29,33.428468443545064,27.249171259481237,6.272775575572288,4.100912120190553,10.068166936518452,445
day_2021-04-30,2021-04-30,32.25579909806032,27.188280616650214,6.886108752557865,0.04909447692281613,8.460053537882716,517
day_2021-05-01,2021-05-01,32.37309584112914,25.312347916247155,7.615603537784119,1.9760491799893007,10.467571823581496,524
day_2021-05-02,2021-05-02,27.271837635615782,20.51649679317258,3.579663214686749,3.6460654678634166,6.888208707592746,420
day_2021-05-03,2021-05-03,34.2083829328083,29.457347081287374,4.303629155788574,0.45984458552025365,10.661760464428914,478
day_2021-05-04,2021-05-04,25.794446811623157,19.822875860668802,8.48652818804543,2.158739455418413,11.667057923217849,438
day_2021-05-05,2021-05-05,31.76057128140081,26.115195331815663,7.341730876255884,0.16883422852762026,6.012528714857089,488
day_2021-05-06,2021-05-06,36.57136687742994,30.202735319897588,6.632033327294642,0.40918844804043625,10.748113139695144,515
day_2021-05-07,2021-05-07,27.028391024607934,22.993314485188037,7.036867866130787,2.528554267677974,12.455337984946585,423
day_2021-05-08,2021-05-08,28.301106811191683,22.615055351193245,7.695163410723342,0.7119425296233068,7.580717962617589,488
day_2021-05-09,2021-05-09,30.298954095262925,24.240529608413336,5.920480639381277,4.191337019590604,13.345144773675408,458
day_2021-05-10,2021-05-10,28.489573037651404,25.248312524074517,5.4433905491953745,5.84729281579217,10.83803801873209,373
day_2021-05-11,2021-05-11,25.3480097068016,21.53126821946738,7.391690510195363,8.061878595553797,8.589976288483182,427
day_2021-05-12,2021-05-12,30.205688924418084,27.244921102178186,5.043254444769936,1.116656871289236,9.888461844684588,440
day_2021-05-13,2021-05-13,26.813088858821686,22.082495693266246,7.816505511428944,0.9165056756753848,11.116653825043445,455
day_2021-05-14,2021-05-14,31.420777291905544,25.703235036109582,3.5948327915243192,0.5522440864253784,10.152010782824822,420
day_2021-05-15,2021-05-15,27.241727297298592,20.739370245202565,9.058311274651288,5.058920573520652,11.077511984892737,372
day_2021-05-16,2021-05-16,34.649803215052614,29.575708434632837,7.9451949648260864,6.1289746975579975,8.158652813841268,526
day_2021-05-17,2021-05-17,27.65024012299129,21.021624577419995,7.5120594686277515,0.16047873368016055,10.338721648072156,489
day_2021-05-18,2021-05-18,29.033815451382974,25.413916909597866,8.965381967891028,13.760970272244544,7.17257100619004,391
day_2021-05-19,2021-05-19,32.44055165210901,29.14393409146416,10.330948888925153,0.26685242839504014,9.777547877302599,559
day_2021-05-20,2021-05-20,26.307407050698135,21.362954749594753,9.028740130036262,3.89675444047811,8.19218471707042,466
day_2021-05-21,2021-05-21,30.68237980381239,25.29831435487308,3.3182515373367094,6.173200020306195,8.528940114820466,343
day_2021-05-22,2021-05-22,33.921428262847286,28.95412301094138,4.4408460665285965,10.238517762273805,12.472186350420875,383
day_2021-05-23,2021-05-23,25.17755029631632,22.244992396356196,5.7503628446086426,6.260337364360131,12.182620241188538,387
day_2021-05-24,2021-05-24,30.553901575596914,25.643021615109703,7.052182100421668,8.090579362983629,11.218276241814355,386
day_2021-05-25,2021-05-25,30.779648382745272,27.084117883250126,8.035318040938247,2.073413745732168,7.815374470654842,504
day_2021-05-26,2021-05-26,32.34546861533193,26.675796066501892,5.548512373693069,8.432272846739616,9.367183100610395,379
day_2021-05-27,2021-05-27,26.289147867365756,20.922549621268907,7.373533528954157,0.4175322487908133,12.426195399958367,459
day_2021-05-28,2021-05-28,26.03863016074717,21.978509947074528,5.489234135293355,11.26025159392608,10.28343382727981,331
day_2021-05-29,2021-05-29,31.565824696850694,27.07969161418739,5.776964394016104,3.9658584143946474,14.63865907996339,392
day_2021-05-30,2021-05-30,30.890954019699556,26.950167541588506,4.186677806303555,8.499488048327594,10.786635678788743,417
day_2021-05-31,2021-05-31,30.75147855103763,25.8141576483108,5.153533507778191,3.010304859675232,10.384098232980064,417
day_2021-06-01,2021-06-01,31.039344628490927,25.08420230798969,4.296630788767333,5.158195008600444,9.381767071594997,390
day_2021-06-02,2021-06-02,27.959925835264528,23.94565188160007,5.048253494045334,3.736989069793848,10.267081809564564,410
day_2021-06-03,2021-06-03,30.696761091483012,25.19271457596517,9.10728359321568,6.576189174934603,9.695060327238913,506
day_2021-06-04,2021-06-04,30.879217419896044,26.409475038268486,5.101202222336114,0.42577449944478085,11.416217353377181,428
day_2021-06-05,2021-06-05,27.856945745920896,23.64981857818324,12.0,0.3112501565950754,11.913404633589169,534
day_2021-06-06,2021-06-06,35.59732353343427,30.704353893388827,7.9866358017617785,1.4191357876995818,8.4280210789841,560
day_2021-06-07,2021-06-07,31.42149876273536,27.456741085154736,7.369672247389747,0.8690574325757503,7.337534092884444,523
day_2021-06-08,2021-06-08,26.426089508392053,21.979738813739235,5.283284439637573,10.270177785011992,6.327589253793407,353
day_2021-06-09,2021-06-09,31.96966082590149,28.167538718490338,8.400619758817983,1.2372707909027696,11.015982653825088,502
day_2021-06-10,2021-06-10,27.075954989318035,20.111229856401646,5.848724347524453,18.620514047170467,7.793266787652253,269
day_2021-06-11,2021-06-11,32.36125381122736,27.32599025925563,7.244019629290723,2.0541156216571466,5.694218814095034,507
day_2021-06-12,2021-06-12,33.47578673702221,29.175512245014797,12.0,1.0051855198942645,10.777157209061928,552
day_2021-06-13,2021-06-13,27.537953044944867,22.323973134210647,6.8078802005507,7.796065487971737,14.985999034865582,297
day_2021-06-14,2021-06-14,32.890128387732965,28.002456437423795,9.298546652571352,5.375081026707593,9.987858176920213,518
day_2021-06-15,2021-06-15,31.238342780809496,26.45931238034272,5.593647149748225,3.4477255436171688,11.676981548903283,472
day_2021-06-16,2021-06-16,32.46618047998347,26.852013779940044,6.930023019006077,4.052491495578103,10.16365871709513,404
day_2021-06-17,2021-06-17,35.69037894796184,29.932871237914533,10.54160127127102,6.350594698644832,9.802220693617715,514
day_2021-06-18,2021-06-18,29.26383565199139,24.794336799601915,5.746065884424465,1.2967997284335335,11.838152965975537,463
day_2021-06-19,2021-06-19,27.73879150692753,23.31460974757221,10.624897115993857,20.0,9.419450911622697,419
day_2021-06-20,2021-06-20,27.33145671112343,22.606508408275076,8.415503870910952,18.403199889450473,10.534784628143806,331
day_2021-06-21,2021-06-21,27.552569145103686,24.85449030983927,5.875066448211465,5.253765450662784,10.643395612392027,378
day_2021-06-22,2021-06-22,29.76869487175769,26.283885933956242,8.264815478111043,1.1128588923444667,8.663819092713902,489
day_2021-06-23,2021-06-23,31.02345592444993,24.656581657005404,8.94510889925346,5.700738976376844,11.984084699073046,516
day_2021-06-24,2021-06-24,30.830072397990058,24.185104684488774,8.243619924434393,0.37468685917146644,9.650080486609182,490
day_2021-06-25,2021-06-25,32.48154974710807,27.73058578666445,3.859550560219087,0.1556605826180974,8.48850968101431,440
day_2021-06-26,2021-06-26,30.03900567563372,24.462448712577952,5.545725648350263,1.4898937656944828,11.073019687140807,435
day_2021-06-27,2021-06-27,34.36060223147195,29.049352076928415,6.504962728896991,3.1052765093671946,8.203064036417926,471
day_2021-06-28,2021-06-28,29.20602950028613,21.127148691830893,6.851133141799908,10.135099625954203,10.056362314738257,397
day_2021-06-29,2021-06-29,38.160507499768855,32.04093258833428,8.241344195101355,6.494514894089445,9.981762006711593,582
day_2021-06-30,2021-06-30,31.87700204329502,27.004919634775785,7.355402001866508,6.787689523746609,12.171791131663156,460
day_2021-07-01,2021-07-01,27.42852733075115,23.384067771351578,4.3293112825797975,2.7712178970370696,10.949396465759905,387
day_2021-07-02,2021-07-02,26.78732250581666,23.393768826074233,7.760395702011927,2.122742663447413,9.949946082509712,438
day_2021-07-03,2021-07-03,31.447417245729557,26.243953609862334,8.221171490567647,2.318428252736485,11.635532598400575,449
day_2021-07-04,2021-07-04,29.329611644022446,25.08596238930675,8.119580895862079,20.0,12.780415098034627,356
day_2021-07-05,2021-07-05,32.14200148227628,28.564255191873954,9.161561451109243,0.20467871021964334,11.115620612703724,532
day_2021-07-06,2021-07-06,31.419712873720634,27.06628575796316,8.667844309097807,10.088214958778694,10.02070523968676,438
day_2021-07-07,2021-07-07,29.78151326202938,25.863061265643775,7.918360158456873,4.321758706763312,7.376327535299681,563
day_2021-07-08,2021-07-08,27.459618845794786,20.772477210722222,6.859668577082706,2.886745405173298,7.869772673849255,447
day_2021-07-09,2021-07-09,25.455458325942406,19.573818568992955,3.678078132968017,6.459607837444352,9.389550591290664,316
day_2021-07-10,2021-07-10,28.660455143798938,23.668427785115554,7.859236438265172,3.33417151799607,8.780975595681433,447
day_2021-07-11,2021-07-11,32.56919638297042,26.08925224408039,7.4153753743262225,10.334531706338835,9.626057394029107,469
day_2021-07-12,2021-07-12,30.642281232390612,25.564912924742995,7.543157674390747,11.548142398101874,10.113299849794215,410
day_2021-07-13,2021-07-13,26.262783663864035,22.1240678651923,4.446502848359382,2.7384935067701237,11.059385508713461,342
day_2021-07-14,2021-07-14,30.519542777553546,23.99641870028389,4.837886919183475,1.6205395354257095,9.859002443881817,472
day_2021-07-15,2021-07-15,31.15595213918651,25.61704209550185,9.106305706665808,4.486735609704546,10.973003287652404,470
day_2021-07-16,2021-07-16,27.3484276913966,23.38567384572306,6.92088969228669,12.172779697617994,10.12894882962024,415
day_2021-07-17,2021-07-17,30.461175317836584,25.651513995920194,8.363001394745249,1.1828044947501228,6.049066867292257,540
day_2021-07-18,2021-07-18,30.174626155338,26.050244408722758,7.056636752260922,4.877107288497878,8.121329212362491,438
day_2021-07-19,2021-07-19,26.571089106508133,22.95388883747247,7.05951227899149,4.992390001127717,9.71182488855677,450
day_2021-07-20,2021-07-20,31.07336208104485,25.147184533513208,8.876567611951995,6.604650075634277,7.580610514317785,477
day_2021-07-21,2021-07-21,31.682353579104703,24.772936938634572,5.967910543565252,0.7053281485133022,11.199857459992408,503
day_2021-07-22,2021-07-22,33.24915372952583,29.647721303344973,7.192241553881967,6.29082454563555,13.061501664687395,478
day_2021-07-23,2021-07-23,33.16140615610471,27.59843691941414,6.075449422589915,11.986266031446224,12.437523703394634,376
day_2021-07-24,2021-07-24,25.866991896128727,21.517634465250552,6.131007545135369,0.9903228039007228,9.573114258139585,404
day_2021-07-25,2021-07-25,27.18652488025463,22.673650264019326,6.381655753062721,1.3560479584358098,12.981452273699905,461
day_2021-07-26,2021-07-26,31.54510580162598,27.13749972586485,7.444267543267426,17.770885194307557,10.297334914404223,354
day_2021-07-27,2021-07-27,31.541357852736628,27.405348622416444,6.042502756673045,0.9982152737757894,9.325828057763921,467
day_2021-07-28,2021-07-28,31.545143058918143,26.496621430973317,9.511512251147042,9.63394883878329,8.77319467291812,434
day_2021-07-29,2021-07-29,41.558194471964164,37.3891445883752,5.210785395560992,3.3891047127677454,9.395060627023744,560
day_2021-07-30,2021-07-30,31.7126715320795,26.442214706299662,6.626256711677282,1.4199848499718524,9.223646362917542,548
day_2021-07-31,2021-07-31,33.4066969205418,28.456935029990934,6.12053788345165,10.230030008724246,10.340832444750976,391
day_2021-08-01,2021-08-01,32.86200529047961,28.10095333734602,9.893955768707466,2.946686627799779,10.32114796209973,533
day_2021-08-02,2021-08-02,31.954173753917395,27.86173741595899,7.393109553023149,3.6161493455055904,10.006092040306829,523
day_2021-08-03,2021-08-03,29.054192266078964,24.630963596647298,9.06368907893727,2.2254497958890394,10.8738763394927,484
day_2021-08-04,2021-08-04,32.276907661479804,26.52151643565405,4.028879253926056,4.494106713425393,12.381292549572683,436
day_2021-08-05,2021-08-05,27.681524356387285,22.180607168762904,7.534100531738518,0.8927864880881569,11.899108270882648,427
day_2021-08-06,2021-08-06,29.289544179779973,25.267099424578525,8.779261591246874,2.4803545318173676,7.030204063100193,503
day_2021-08-07,2021-08-07,28.54390935651269,23.444577051083463,7.164567978550848,17.43579020910572,4.89215773019609,338
day_2021-08-08,2021-08-08,30.245622418158966,24.494235294787178,9.130960750130702,1.492929402120031,11.868639822478547,533
day_2021-08-09,2021-08-09,36.94397570002052,33.613380981141894,5.9654230997992554,5.346286922585514,7.266242603169157,537
day_2021-08-10,2021-08-10,24.398204422224758,18.854844229844822,9.81869488037116,1.9666210219446354,9.550469196214634,534
day_2021-08-11,2021-08-11,32.05878057112354,27.72140433006939,11.5977962472385,7.424458453535825,7.6597739478812805,537
day_2021-08-12,2021-08-12,25.161852386431043,19.591253717837883,6.274322879120682,0.7013338980506838,6.396039124839961,437
day_2021-08-13,2021-08-13,28.5842044026317,24.347463559174216,6.1089949571984565,17.503052272121998,11.082925456409576,321
day_2021-08-14,2021-08-14,33.266851790902095,30.071733891566613,9.906768954235401,3.023754610823689,11.518310320605293,523
day_2021-08-15,2021-08-15,30.19284005728639,26.820382495169554,10.159144291461425,1.346267717488601,8.846979198546562,536
day_2021-08-16,2021-08-16,26.76676566621208,21.718680719550697,5.954279945693464,0.38168861277968535,4.81791541571018,435
day_2021-08-17,2021-08-17,27.854088872220096,22.594366370498612,6.159626365808285,0.9301897005229697,8.907511103495034,450
day_2021-08-18,2021-08-18,32.038793246804026,27.943109871908433,6.436430782278985,3.6674917271479073,10.783608010805093,505
day_2021-08-19,2021-08-19,27.80890010484859,22.170307646071215,4.3110989779314455,2.054925399025833,7.0421768624517425,382
day_2021-08-20,2021-08-20,30.649375768745923,27.310895831014882,5.1626961070316035,8.827049420610788,10.36671983955831,426
day_2021-08-21,2021-08-21,30.13671551971144,25.202795318358756,4.991718466495865,2.818385953427962,9.96938030165401,473
day_2021-08-22,2021-08-22,28.04519895718255,24.256215156945007,5.464404869791743,1.4298461848792552,11.158582999202176,425
day_2021-08-23,2021-08-23,36.43183226797598,32.08366837577814,6.930630225226437,4.800494582867339,10.239160736828307,445
day_2021-08-24,2021-08-24,31.901757066954033,26.854358395637618,7.468429465073042,6.134113034796725,8.05386211823689,447
day_2021-08-25,2021-08-25,23.924572240027178,19.78498560531113,10.101000985628154,0.9138597384292341,12.393143003328984,497
day_2021-08-26,2021-08-26,30.559362944308283,25.94391848853811,5.003291918522418,0.9173263506538034,9.68294085394606,453
day_2021-08-27,2021-08-27,28.014640605694836,22.008347796480397,8.968644796953168,0.18680364004741368,9.945390920980136,463
day_2021-08-28,2021-08-28,32.55730000438867,28.13419187391182,6.572022311548982,6.66665060394917,8.133464081853608,439
day_2021-08-29,2021-08-29,27.622437784701898,21.786745672636755,6.901072580695134,5.450312625735495,9.11343549761698,443
day_2021-08-30,2021-08-30,29.655790675599302,25.78549753025692,8.349638984333208,3.2182708481764637,8.230394571946198,495
day_2021-08-31,2021-08-31,31.51496183694137,25.985157659026086,4.754555956875403,9.294962453380752,9.654107880153154,385
day_2021-09-01,2021-09-01,32.59726558251037,26.155696961852467,7.764819492368101,8.190991605846756,13.423416960284687,439
day_2021-09-02,2021-09-02,26.39911077883267,23.87075527895996,7.332904416426112,4.401655068179608,7.256197714137287,412
day_2021-09-03,2021-09-03,28.996496292477154,24.793391547947632,7.984902528016298,10.135053132645012,6.772877204246518,387
day_2021-09-04,2021-09-04,28.575164066517132,22.998091939336593,7.5783372878156365,1.1523592518528678,12.942340654987216,512
day_2021-09-05,2021-09-05,28.040012302278864,23.243057688321855,11.91060027982179,0.5934651069514228,9.581352645696267,525
day_2021-09-06,2021-09-06,35.29636272084329,29.925216847471983,5.724520031497368,1.57183902864054,8.661854522680168,545
day_2021-09-07,2021-09-07,31.214945132882868,26.81893031959869,5.938006089996365,0.29390553364981353,12.079809374792152,520
day_2021-09-08,2021-09-08,26.217348136994865,21.130758349521965,5.753718947150471,3.7875702141697194,8.788768920526271,430
day_2021-09-09,2021-09-09,32.75358584116433,27.90926307655641,5.8890457616794905,13.791906027009833,13.652019427093872,365
day_2021-09-10,2021-09-10,36.3664685910379,30.198686529378094,5.725225745386965,0.20069208204691116,11.355851742678539,537
day_2021-09-11,2021-09-11,33.09739578165344,27.842974938352228,9.378033062215103,0.6511693999155838,9.024177183708595,547
day_2021-09-12,2021-09-12,25.44189010213796,20.10428744006276,9.84100849597971,3.0092162415096544,14.314616426531007,422
day_2021-09-13,2021-09-13,28.547297781401245,23.95917474752371,5.858507412501048,13.581043269379974,8.788570153993323,356
day_2021-09-14,2021-09-14,33.80073344755987,29.288339671632365,5.335288853791543,1.900128055283935,11.484190744018614,444
day_2021-09-15,2021-09-15,27.876991603143658,23.309549790963278,7.942831112772808,3.5386125188567257,10.598585160812984,484
day_2021-09-16,2021-09-16,31.331458284438686,25.93700614206039,5.895553911438057,0.21230866500525847,12.603482578797596,460
day_2021-09-17,2021-09-17,32.32390216028801,27.74488664110827,8.265863635511021,0.8028582566820947,13.123022393453706,520
day_2021-09-18,2021-09-18,27.21920858526575,21.92943372836934,7.405846041702599,20.0,10.064008298131533,311
day_2021-09-19,2021-09-19,29.8214239318146,22.74602313316916,3.968511770005536,16.779021539099546,8.493164259307633,298
day_2021-09-20,2021-09-20,20.276197979792784,14.40507327636109,10.095010402660122,0.024761114869138078,10.919944285878232,449
day_2021-09-21,2021-09-21,26.92683707599713,22.252860608164973,10.591755346191043,15.163203993394077,8.644569260495787,375
day_2021-09-22,2021-09-22,29.242295545820518,23.041081623656574,5.7744226190312276,5.096048067842505,14.026774495053246,436
day_2021-09-23,2021-09-23,26.25665045410545,21.664725827127,6.224596880128032,10.121672834882553,10.273070662165475,314
day_2021-09-24,2021-09-24,34.897233911794906,31.93535844697276,7.57173078144981,3.0324613454600473,9.269356897375783,523
day_2021-09-25,2021-09-25,25.7095758661181,21.717662177035507,7.66891357997405,3.624180343488855,10.369360611729817,480
day_2021-09-26,2021-09-26,28.67986653990905,25.550658460934905,8.31708854534566,3.3554274975442997,7.305747420940607,440
day_2021-09-27,2021-09-27,30.392221731858275,25.743735215899584,11.0204090775327,5.496026185327917,8.056771922978697,488
day_2021-09-28,2021-09-28,34.323819867198345,29.305401488008794,6.646105545011901,0.7520872710472859,12.400827815888851,527
day_2021-09-29,2021-09-29,25.69241354646168,19.015976234186397,5.4034055109230925,0.15215990459985634,8.686211442057209,424
day_2021-09-30,2021-09-30,33.48949125646488,28.162563882700717,4.241361543970946,1.8403404400689043,7.90617803463612,478
day_2021-10-01,2021-10-01,30.03069918305876,25.249799711867624,5.538139920116162,6.098491737704197,11.073305505054572,427
day_2021-10-02,2021-10-02,27.055474046856148,21.226068465672657,6.933746054252405,1.1273152721830517,12.371408309325993,459
day_2021-10-03,2021-10-03,31.386310422789812,28.5974457317977,10.589115727035576,5.595592046659895,11.437906621330134,538
day_2021-10-04,2021-10-04,30.59717908672041,25.361564528611844,5.964777401927657,17.51815195114605,11.992095371611633,343
day_2021-10-05,2021-10-05,28.199349368523617,22.42848417463665,7.447575903277797,0.49303196860893483,8.486409822861079,465
day_2021-10-06,2021-10-06,30.209406254970055,26.687992500749896,6.967154207854496,5.582895419522681,7.1563786665163125,467
day_2021-10-07,2021-10-07,28.84405920941472,22.70030516620779,9.376786546896168,2.9326891987858676,13.002667303910973,536
day_2021-10-08,2021-10-08,30.340552035753745,25.00205562825933,12.0,10.130158110967582,9.354640322315728,479
day_2021-10-09,2021-10-09,31.98639202356314,27.401679937463943,5.938262454159359,0.974905495293219,9.498333967089906,452
day_2021-10-10,2021-10-10,34.75805044843606,29.125268582329774,6.021121114963556,5.898449381901769,12.656388283698115,498
day_2021-10-11,2021-10-11,26.286553503519453,19.01586064571506,9.088321754138144,9.104354307988228,11.11246001880132,400
day_2021-10-12,2021-10-12,36.3991001239688,31.217233868910306,8.363782979252623,14.467161936901364,10.911775544163214,386
day_2021-10-13,2021-10-13,24.143736601432494,18.89551601513216,10.693414651472068,5.74818117492311,14.330004689802168,452
day_2021-10-14,2021-10-14,29.54464471489325,25.004005614433492,8.167856370651927,3.437563063057698,8.712963539239714,456
day_2021-10-15,2021-10-15,31.76495161945373,27.614795988918523,6.281415818425881,4.8096742777547075,11.855680256162474,446
day_2021-10-16,2021-10-16,30.842975603205097,25.012639786660852,8.181309661384619,10.159164546839555,10.114026249794168,439
day_2021-10-17,2021-10-17,28.13190144053822,23.987985266447087,9.217407161165816,4.226945460345029,10.537184557726514,470
day_2021-10-18,2021-10-18,29.375633248928175,24.30406701170878,8.640964362394728,0.15429158866952597,13.056936852825064,517
day_2021-10-19,2021-10-19,28.5209971960235,23.998654642788615,8.014548062214596,13.364527536495865,11.015671512579248,363
day_2021-10-20,2021-10-20,28.231905729167366,22.752925903420973,9.133349379178307,5.848287680055751,11.076592158099267,465
day_2021-10-21,2021-10-21,32.54880629106307,27.215144185776126,9.338591180891346,5.642987719397445,12.145014674619604,488
day_2021-10-22,2021-10-22,31.071046457895143,25.033506513637242,9.764317982075054,1.2146599900901198,9.27009454091423,551
day_2021-10-23,2021-10-23,27.921271214218038,23.431287613072783,8.297419775179286,5.377684968340444,8.321580665321987,462
day_2021-10-24,2021-10-24,32.69879962629975,27.968674561593126,6.665763839366291,2.5032578244792942,7.910381611957932,463
day_2021-10-25,2021-10-25,30.921898562629828,26.900662278412135,7.293427372866645,5.266755678436183,6.067286821247997,496
day_2021-10-26,2021-10-26,32.43858635651688,27.88287961659299,9.413017933016715,0.5635653439134802,14.112414259880644,516
day_2021-10-27,2021-10-27,31.888886525770836,26.511586032725983,5.366128658025528,5.362461592329283,7.793583268556634,465
